region,country,alpha3code,alpha2code,pop,tests,testpop,density,medianage,urbanpop,quarantine,schools,publicplace,gatheringlimit,gathering,nonessential,hospibed,smokers,sex0,sex14,sex25,sex54,sex64,sex65plus,sexratio,lung,femalelung,malelung,gdp2019,healthexp,healthperpop,fertility,avgtemp,avghumidity,firstcase,totalcases,active30,active31,active1,active2,active3,newcases30,newcases31,newcases1,newcases2,newcases3,deaths,newdeaths30,newdeaths31,newdeaths1,newdeaths2,newdeaths3,recovered,critical30,critical31,critical1,critical2,critical3,casediv1m,deathdiv1m
,Afghanistan,AFG,AF,"38,928,346",,,60,18,25,,,,,,,0.5,,1.05,1.03,1.03,1.03,0.97,0.85,1.03,37.62,36.31,39.33,"18,734",184,4.726632876,5.12,6.216666667,56.93333333,2/23/2020,273,139,165,187,225,257,25,4,22,2,,6,,,,,,10,,,,,,7,0.2
,Albania,ALB,AL,"2,877,797",,,105,36,63,,,,,,,2.9,29.4,1.08,1.11,1.09,0.93,0.95,0.87,0.98,11.67,7.02,17.04,"15,418",774,268.9557325,1.51,13.95,69.9,3/7/2020,304,168,176,177,194,199,11,20,16,18,27,16,1,4,,1,,89,7,8,7,7,7,106,6
,Algeria,DZA,DZ,"43,851,044",,,18,29,73,,,,,,,1.9,,1.05,1.05,1.05,1.03,1.01,0.89,1.03,8.77,5.03,12.81,"172,781","1,031",23.51141286,2.7,19.56666667,61.71666667,2/24/2020,986,449,626,728,728,839,,132,131,,,86,,9,14,,,61,,,,,,22,2
,Andorra,AND,AD,"77,265",,,164,45,88,,,,,,,2.5,32.5,1.07,1.05,1.08,1.05,1.15,1.02,1.06,,,,"91,527","5,949",76994.7583,1.4,7.383333333,75.23333333,3/1/2020,439,322,352,366,403,407,,,14,38,11,16,,,2,1,1,16,10,10,12,12,12,"5,682",207
,Antigua and Barbuda,ATG,AG,"97,929",,,223,34,26,,,,,,,3.8,,1.05,1.03,0.99,0.84,0.82,0.76,0.9,11.76,7.67,18.78,"1,688","1,105",11283.68512,2,,,3/12/2020,9,7,7,7,7,9,,,,,,,,,,,,,,,,,,92,
,Argentina,ARG,AR,"45,195,774",,,17,32,93,3/20/2020,,,,,,5,23.95,1.05,1.06,1.05,1,0.94,0.71,0.98,29.27,20.16,42.59,"445,469","1,390",30.75508785,2.26,32.81666667,43.61666667,3/2/2020,"1,265",570,700,778,851,970,,146,,,,39,2,3,1,2,3,256,,,,,,28,0.9
,Armenia,ARM,AM,"2,963,243",694,4269.802594,104,35,63,,,,,,,4.2,26.9,1.13,1.14,1.06,0.93,0.84,0.67,0.94,23.86,16.17,35.99,"13,444",883,297.9843368,1.64,7.1,58.5,2/29/2020,736,449,499,536,625,686,58,50,39,92,73,7,,,1,1,,43,15,30,30,30,30,248,2
Aruba,Netherlands,ABW,AW,"106,766",,,593,41,44,,,,,,,1.2,,1.02,1.01,1.01,0.93,0.87,0.64,0.9,,,,"2,903",43,402.7499391,1.83,26.53333333,80.16666667,3/12/2020,60,49,54,54,54,59,,5,,,,,,,,,,1,,,,,,562,
,Australia,AUS,AU,"25,499,884",31635,806.0655603,3,38,86,,,3/23/2020,2,3/29/2020,,3.8,14.9,1.06,1.06,1.09,0.99,0.93,0.86,0.99,18.79,15.9,22.16,"1,376,255","4,492",176.1576641,1.77,25.78333333,64.23333333,1/24/2020,"5,350","3,983","4,205","4,498","4,767","4,737",82,101,101,89,36,28,1,,1,2,3,585,28,28,50,50,85,210,1
,Austria,AUT,AT,"9,006,398",10278,876.2792372,109,43,57,3/16/2020,,,,,,7.6,35.15,1.05,1.05,1.04,1,0.98,0.76,0.96,17.02,13.02,22.14,"447,718","5,138",570.4833386,1.47,9.466666667,65.35,2/24/2020,"11,444","8,710","8,886","9,003","9,120","9,254",666,491,405,316,315,168,22,20,18,12,10,"2,022",193,198,215,227,245,"1,271",19
,Azerbaijan,AZE,AZ,"10,139,177",,,123,32,56,,,,,,,4.7,23.45,1.11,1.15,1.09,0.96,0.86,0.62,0.98,20.61,14.07,29.32,"47,171","1,191",117.4651552,1.89,10.16666667,68.08333333,2/27/2020,443,243,267,328,369,406,64,25,61,41,43,5,,1,,,,32,23,11,7,7,7,44,0.5
,Bahamas,BHS,BS,"393,244",,,39,32,86,,,,,,,2.9,,1.03,1.03,1.03,1,0.81,0.62,0.96,6.29,3.35,10.43,12160,"1,699",4320.472785,1.94,23.26666667,76.55,3/14/2020,24,13,13,14,19,22,,,1,,,1,,,,,,1,,,,,1,61,3
,Bahrain,BHR,BH,"1,701,575",13553,125.5496938,2239,32,89,,,,,,,6.8,13.6,1.03,1.03,1.3,1.88,1.81,0.95,,18.37,13.83,22.39,"38,184","2,453",1441.605571,1.75,20.36666667,63.51666667,2/23/2020,672,232,268,228,290,286,16,52,2,66,29,4,,,,,,382,2,2,3,3,3,395,2
,Bangladesh,BGD,BD,"164,689,383",,,1265,28,39,,,,,,,0.8,20.25,1.04,1.04,1,0.93,0.98,0.97,0.97,69.07,61.7,76.24,"317,465",88,0.534339242,2.17,30.28333333,42.35,3/7/2020,61,25,21,23,25,29,1,2,3,2,5,6,,,1,,,26,1,1,1,1,1,0.4,0.04
,Barbados,BRB,BB,"287,375",,,668,40,31,,,,,,,5.8,7,1.01,1,0.99,0.99,0.88,0.66,0.94,9.65,6.15,14.54,"5,189","1,234",4294.040887,1.68,26.9,74.95,3/16/2020,46,33,34,34,45,46,,1,,,,,,,,,,,,,,,,160,
,Belarus,BLR,BY,"9,449,323",16000,590.5826875,47,40,79,,,,,,,11,28.4,1.06,1.06,1.06,0.97,0.79,0.46,0.87,9.46,2.83,21.51,"62,572","1,085",114.8230408,1.48,3.983333333,81.48333333,2/27/2020,351,120,104,108,247,294,58,,11,141,47,4,,1,1,2,,53,2,2,2,11,11,37,0.4
,Belgium,BEL,BE,"11,589,623",4225,2743.106036,383,42,98,3/18/2020,,,,,,6.2,23.25,1.05,1.05,1.04,1.02,0.98,0.76,0.97,27.11,21.2,34.98,"517,609","4,782",412.6104878,1.78,9.533333333,78.41666667,2/3/2020,"16,770","9,859","10,374","11,004","11,842","12,755","1,063",876,"1,189","1,384","1,422","1,143",82,192,123,183,132,"2,872",927,"1,021","1,088","1,144","1,205","1,447",99
,Belize,BLZ,BZ,"397,628",,,17,24,46,,,,,,,1.3,13.3,1.05,1.04,1.04,1.03,0.97,0.89,1.03,43.36,24.41,60.89,"348,400",524,1317.814641,2.3,,,3/22/2020,4,3,3,3,3,4,1,,,,1,,,,,,,,,,,,,10,
,Benin,BEN,BJ,"12,123,200",,,108,19,48,,,,,,,0.5,9.35,1.05,1.04,1.04,1.02,0.76,0.66,1.01,29.33,25.16,34.86,"14,374",84,6.928863666,4.77,35.13333333,69,3/15/2020,13,6,8,8,12,12,,3,,,,,,,,,,1,,,,,,1,
,Bhutan,BTN,BT,"771,608",,,20,28,46,,,,,,,1.7,28.2,1.05,1.04,1.04,1.14,1.16,1.1,1.09,71.93,72.27,71.82,"2,842",287,371.9505241,1.9,8.866666667,73.68333333,3/5/2020,5,4,4,4,4,3,,,,1,,,,,,,,2,,,,,,6,
,Bolivia,BOL,BO,"11,673,021",,,11,26,69,,,,,,,1.1,23.8,1.05,1.04,1.03,0.95,0.86,0.79,0.98,18.42,14.59,22.79,"42,401",446,38.2077613,2.63,20.3,70.7,3/9/2020,132,93,101,107,114,122,16,10,8,8,9,9,3,2,1,1,1,1,3,3,3,3,3,11,0.8
,Bosnia and Herzegovina,BIH,BA,"3,280,819",,,64,43,52,,,,,,,3.5,38.6,1.07,1.07,1.07,1.01,0.92,0.64,0.95,18.48,12.88,26.05,"20,106","1,102",335.8917392,1.3,7.966666667,81.71666667,3/4/2020,574,332,382,425,482,530,35,43,37,59,41,17,3,2,,3,1,27,1,1,1,4,4,175,5
,Brazil,BRA,BR,"212,559,417",2927,72620.23129,25,33,88,,,,,,,2.2,15.3,1.05,1.04,1.03,0.98,0.89,0.74,0.97,26.57,19.71,35.83,"1,847,020","1,392",6.548757141,1.75,25.81666667,81.68333333,2/24/2020,"8,165","4,101","4,420","5,590","6,643","7,706",106,85,206,142,121,332,5,5,5,10,8,127,296,296,296,296,296,38,2
,Brunei,BRN,BN,"437,479",,,83,32,80,,,,,,,2.7,16.2,1.05,1.06,0.99,0.92,1.04,0.95,0.98,33.05,27.66,41.12,"12,455","2,083",4761.371403,1.78,29.18333333,81.75,3/8/2020,134,88,83,78,76,68,1,2,2,2,1,1,,,,,,65,3,3,3,3,3,306,2
,Bulgaria,BGR,BG,"6,948,445",,,64,45,76,,,,,,,6.8,35.3,1.06,1.06,1.09,1.06,0.88,0.69,0.95,19.79,13.98,27.92,"66,250","1,492",214.7243016,1.46,9.3,73.53333333,3/6/2020,485,334,374,392,422,441,13,40,23,35,28,14,,,2,,4,30,13,14,18,18,18,70,2
,Burkina Faso,BFA,BF,"20,903,273",,,76,18,31,,,,,,,0.4,20.25,1.03,1,1.01,1.03,0.77,0.6,0.99,19.38,16.7,23.65,"14,593",96,4.592582224,5.71,37.75,10.98333333,3/8/2020,288,187,215,220,222,222,,15,21,6,,16,,2,2,,,50,,,,,,14,0.8
,Cabo Verde,CPV,CV,"554,441",,,138,27.6,68,,,,,,,2.1,17.6,1.03,1.01,1,0.94,0.75,0.61,0.94,18.77,14.18,26.01,"175,900",310,559.12171,2.29,,,3/19/2020,6,5,5,5,5,5,,,,,,1,,,,,,,,,,,,11,2
,Cambodia,KHM,KH,"16,718,965",,,95,26,24,,,,,,,0.8,23.45,1.05,1.02,0.98,0.96,0.65,0.6,0.94,34.21,30.47,39.66,"26,730",210,12.56058614,2.52,35.45,55.51666667,1/26/2020,114,86,86,84,76,79,4,2,,1,4,,,,,,,35,1,1,1,1,1,7,
,Cameroon,CMR,CM,"26,545,863",,,56,19,56,,,,,,,1.3,22.35,1.03,1.02,1.01,1.01,0.95,0.87,1.01,24.85,19.94,30.6,"38,632",163,6.140316478,4.64,35.11666667,65.41666667,3/5/2020,306,128,182,217,267,289,,54,40,51,,7,,,,1,,10,,,,,,12,0.3
,Canada,CAN,CA,"37,742,154",76964,490.3871161,4,41,81,,3/15/2020,3/20/2020,,,,2.7,14.95,1.06,1.05,1.06,1.03,0.98,0.8,0.98,19.01,16.95,21.55,"1,730,914","4,600",121.8796362,1.6,-1.866666667,88.58333333,1/24/2020,"11,283","5,590","7,210","7,936","8,110","9,131",351,"1,019",877,401,,173,2,6,7,17,,"1,979",120,120,120,120,120,299,5
,Central African Republic,CAF,CF,"37,742,154",,,8,18,43,,,,,,,1,6.6,1.03,1.01,1.01,1,0.84,0.64,0.98,41.66,35.93,48.9,"2,321",32,0.847858339,4.3,40.15,33.9,3/14/2020,8,3,3,3,3,8,,,,,5,,,,,,,,,,,,,2,
,Chad,TDC,TD,"16,302,699",,,13,16.6,23.3,,,,,,,0.4,6.8,1.04,1.03,0.95,0.83,0.79,0.71,0.93,22.93,19.66,26.79,"11,026",36,2.208,5.8,,,3/18/2020,8,5,7,7,7,8,2,2,,,,,,,,,,,,,,,,0.5,
,Chile,CHL,CN,"19,116,201",,,26,35,85,,,,,,,2.2,38,1.04,1.04,1.04,1,0.89,0.72,0.97,14.84,12.24,18.58,"294,237","1,903",99.54906835,1.8,25.86666667,36.43333333,3/2/2020,"3,737","2,285","2,570","2,781","3,051","3,288",310,289,293,373,333,22,1,4,4,2,4,427,14,14,31,31,31,195,1
Hong Kong,China,HKG,HK,"7,496,981",5271,1422.307152,7140,45,100,,,,,,,4.890900135,,1.12,1.12,1.08,0.74,0.94,0.89,0.87,,,,"372,989","1,675",223.4232686,1.19,,,1/22/2020,845,520,582,614,644,668,,31,50,36,43,4,,,,,,173,5,5,5,8,8,113,0.5
,China,CHN,CN,"1,439,323,776",320000,4497.8868,153,38,61,,1/26/2020,1/26/2020,,,,4.2,24.7,1.15,1.17,1.14,1.04,1.02,0.92,1.06,63.1,56.35,70.52,"14,140,163",762,0.52941528,1.6,9.9,39.03333333,1/10/2020,"81,620","2,466","2,161","2,004","1,863","1,727",31,79,36,35,31,"3,322",4,5,7,6,4,"76,571",633,528,466,429,379,57,2
,Colombia,COL,CO,"50,882,891",2571,19791.08946,46,31,80,3/25/2020,,,,,,1.5,11.1,1.06,1.05,1.04,0.98,0.88,0.72,0.98,36.3,31.33,42.49,"327,895",853,16.76398458,2,21.1,79.7,3/5/2020,"1,161",682,769,859,"1,009","1,087",,,,,,19,,,,,,55,29,29,35,47,50,23,0.4
,Congo (Brazzaville),COG,CG,"5,518,087",,,16,19,70,,,,,,,1.6,,1.03,1.02,1.01,1,0.89,0.73,1,29.04,24.91,34.09,"48,994",34,6.161555626,4.39,33.08333333,69.26666667,3/14/2020,22,19,19,19,18,18,,,,,,2,,,,,,2,,,,,,4,0.4
,Congo (Kinshasa),COG,CG,"89,561,403",,,40,17,46,,,,,,,1.6,,1.03,1.02,1,1.01,0.99,0.78,1.01,29.06,24.88,34.05,"11,576",203,2.266601384,4.59,,,3/9/2020,134,71,88,97,109,118,,17,11,14,,13,,,1,2,,3,,,,,,1,0.1
,Costa Rica,CRI,CR,"5,094,118",,,100,33,80,,,,,,,1.2,13.4,1.05,1.05,1.04,1.01,0.95,0.86,1.01,20.42,17.65,23.65,"61,021","1,286",252.4480195,1.89,,,3/4/2020,396,309,324,341,369,388,,,,,,2,,,,,,6,6,7,8,9,11,78,0.4
,Cote d'Ivoire,CIV,CI,"26,378,274",,,83,19,51,,,,,,,0.4,,1.03,1.02,1.02,1.05,1.01,0.93,1.02,34.56,29.51,38.83,"44,439",190,7.202897354,3.38,38.05,53.93333333,3/10/2020,194,160,161,171,180,178,,,,,,1,,,,,,15,,,,,,7,0.04
,Croatia,HRV,HR,"4,105,267",1159,3542.07679,73,44,58,,,,,,,5.6,36.45,1.06,1.06,1.05,1,0.96,0.69,0.93,21.75,14.54,32.7,"60,702","1,656",403.3842379,1.4,11.88333333,66.6,2/24/2020,"1,079",717,794,884,916,979,77,77,96,48,68,8,,,,1,1,92,27,32,34,34,39,263,2
,Cuba,CUB,CU,"11,326,616",,,106,42,78,,,,,,,5.2,35.25,1.06,1.06,1.08,1.01,0.94,0.81,0.99,23.3,20.53,26.67,"100,023",131,11.56567858,1.71,27.4,77,3/10/2020,233,162,172,194,214,214,31,16,26,21,,6,1,2,,,,13,2,3,3,7,7,21,0.5
,Cyprus,CYP,CY,"1,207,359",,,131,37,67,,,,,,,3.4,,1.05,1.06,1.19,1.11,0.92,0.77,1.04,17.85,11.34,26.04,"24,280","2,137",1769.978937,1.47,15.41666667,71.11666667,3/8/2020,396,208,231,283,318,357,16,32,58,36,40,11,1,1,1,1,1,28,3,3,11,11,11,328,9
,Czechia,CZE,CZ,"10,708,981",6302,1699.298794,139,43,74,3/17/2020,3/13/2020,3/13/2020,,,,6.5,,1.06,1.06,1.06,1.05,0.94,0.7,0.97,19.68,13.1,28.54,"246,953","2,470",230.6475285,1.45,7.883333333,72.53333333,2/29/2020,"3,869","2,868","3,181","3,408","3,694","3,752",79,256,200,216,11,46,1,8,8,5,2,71,52,64,70,72,77,361,4
,Denmark,DNK,DK,"5,792,202",7620,760.1314961,137,42,88,3/16/2020,3/16/2020,,,,,2.5,17,1.06,1.05,1.04,0.99,0.99,0.81,0.97,31.99,31.31,32.85,"347,176","5,083",877.5591735,1.73,6.233333333,81.68333333,2/26/2020,"3,672","2,499","2,769","2,094","2,143","2,340",182,283,232,248,286,139,5,13,14,19,16,"1,193",137,145,145,153,153,634,24
,Diamond Princess,,,"3,500",,,25,62,100,,,,,,,13.4,,,,,,,,,,,,,,,,,,2/4/2020,712,99,99,98,82,82,,,,,,11,,,,,,619,15,15,15,15,10,,
,Djibouti,DJI,DJ,"988,000",,,43,27,79,,,,,,,2.2,13.3,1.03,1.01,0.89,0.71,0.85,0.82,0.84,18.41,12.95,25.16,"3,166",147,148.7854251,2.31,27.28333333,70.66666667,3/17/2020,49,18,30,33,40,41,,12,3,7,9,,,,,,,8,,,,,,50,
,Dominica,DMA,DM,71986,,,96,33.5,74,,,,,,,3.8,3.7,1.05,1.05,1.06,1.03,1.15,0.79,1.02,,,,593,586,8140.471758,1.9,,,3/21/2020,12,11,12,12,12,12,,,,,,,,,,,,,,,,,,167,
,Dominican Republic,DOM,DO,"10,847,910",,,225,28,85,,,,,,,1.6,14.1,1.04,1.04,1.04,1.05,1.01,0.86,1.03,11.43,9.5,13.57,"89,475",873,80.47633139,2.29,,,2/29/2020,"1,488",855,"1,053","1,218","1,304","1,404",42,208,175,96,108,68,3,9,6,3,8,16,,,,147,147,137,6
,Ecuador,ECU,EC,"17,643,054",,,71,28,63,,,,,,,1.5,8.65,1.05,1.04,1.03,0.95,0.96,0.91,0.99,24.07,18.85,30.17,"107,914",980,55.54593893,2.19,19.26666667,73.25,2/28/2020,"3,163","1,863","2,111","2,597","2,602","2,978",,274,446,,,120,,13,14,,,65,58,100,100,100,100,179,7
,Egypt,EGY,EG,"102,334,404",,,103,25,43,,,,,,,1.6,25.1,1.05,1.07,1.06,1.03,0.98,0.82,1.05,22.61,19.19,27.17,"302,256",495,4.837082942,3.47,21.25,52.08333333,2/13/2020,865,437,465,507,548,606,,,,,,58,,,,,,201,,,,,,8,0.6
,El Salvador,SLV,SV,"6,486,205",,,313,27.6,73.4,3/12/2020,,,,,,1.3,6.7,1.05,1.05,1.01,0.86,0.8,0.8,0.93,13.86,12.35,15.84,"26,871",578,89.11220043,2.05,,,3/18/2020,46,30,32,31,39,44,6,2,,8,5,2,,,,,,,5,5,4,4,4,7,0.3
,Equatorial Guinea,GNQ,GQ,"1,402,985",,,50,22,73,,,,,,,2.1,,1.03,1.03,1.04,1,0.76,0.72,0.99,41.24,32,50.58,"12,142",790,563.0851363,4.39,28.66666667,78.6,3/13/2020,15,12,11,14,14,14,,,,,,,,,,,,1,,,,,,11,
,Eritrea,ERI,ER,"3,546,421",,,35,19.2,63.3,,,,,,,0.7,,1.03,1.01,0.99,0.97,0.74,0.75,0.97,27.14,19.48,38.19,"2,110",56,15.79056745,4.1,,,3/20/2020,22,12,15,15,18,22,,,,3,,,,,,,,,,,,,,6,
,Estonia,EST,EE,"1,326,535",1387,956.405912,31,42,68,,,,,,,5,33.05,1.05,1.05,1.08,1.01,0.81,0.51,0.88,8.8,3.59,18.36,"31,038","1,887",1422.502987,1.6,3.233333333,82.4,2/26/2020,961,692,715,741,802,901,36,30,34,79,103,12,,1,1,6,1,48,10,13,15,16,16,724,9
,Eswatini,SWZ,SZ,"1,160,164",,,67,21,30,,,,,,,0.8,34.1,1.03,1.02,1.02,1.08,0.66,0.64,1,53.05,39.63,71.93,"4,657",629,542.1647284,2.69,27.45,78.73333333,3/13/2020,9,9,9,9,9,9,,,,,,,,,,,,,,,,,,8,
,Ethiopia,ETH,ET,"114,963,588",,,115,19,21,,,,,,,0.3,4.7,1.03,1.01,0.99,0.99,0.95,0.82,0.99,18.56,13.55,24.28,"91,166",66,0.574094817,4.99,22.55,56.41666667,3/12/2020,35,19,24,27,26,32,2,3,3,,6,,,,,,,3,1,2,2,2,2,0.3,
Faroe Islands,Denmark,FRO,FO,"48,873",,,35,38,88,,,,,,,,,1.07,1.07,1.05,1.18,1.06,0.94,1.08,,,,,,,,,,3/3/2020,179,98,95,98,96,88,9,1,4,4,2,,,,,,,91,1,3,1,1,1,"3,663",
,Fiji,FJI,FJ,"896,445",,,49,27.9,59.1,,,,,,,2.3,25.55,1.05,1.05,1.04,1.05,1.03,0.85,1.03,15.86,8.67,24.21,"5,708",331,369.236261,2.79,,,3/18/2020,7,5,5,5,7,7,,,,2,,,,,,,,,,,,,,8,
,Finland,FIN,FI,"5,540,720",900,6156.355556,18,43,86,,,,,,,4.4,20.85,1.05,1.05,1.04,1.04,0.97,0.76,0.97,9.92,5.47,15.97,"269,654","3,996",721.2059083,1.75,2.8,81.25,1/28/2020,"1,615","1,329","1,391","1,419","1,199","1,295",112,66,28,72,97,20,2,4,,2,1,300,49,56,62,62,72,291,4
,France,FRA,FR,"65,273,511",11071,5895.90019,119,42,82,3/17/2020,3/16/2020,,100,3/13/2020,3/15/2020,6.5,27.7,1.05,1.05,1.05,1.01,0.93,0.75,0.96,13.15,9.64,17.69,"2,707,074","4,542",69.58412272,2.07,11.26666667,72.95,1/23/2020,"59,105","30,366","39,161","39,161","42,022","41,290",,"7,578",,,,"5,387",,499,,,,"12,428","4,632","5,056","5,565","6,017","6,399",905,83
French Guiana,France,GUF,GF,"298,682",,,4,25,87,,,,,,,3.2,,1.05,1.04,1.03,1.06,1.03,1.06,1.04,25.7,26.81,64.63,"23,587",99,331.4561976,3.03,28.28333333,80.08333333,3/6/2020,51,37,37,36,36,36,,,,,,,,,,,,15,,,,,,171,
French Polynesia,France,PYF,PF,,,,,,,,,,,,,,,1.05,1.06,1.08,1.05,1.06,0.94,1.05,,,,"5,623",,,,,,3/10/2020,37,35,36,37,37,37,5,,,,,,,,,,,,2,2,1,1,1,132,
New Caledonia,France,NCL,NC,,,,,,,,,,,,,,,1.05,1.04,1.04,1.01,0.94,0.8,1,,,,"9,894",,,,,,3/17/2020,18,15,16,16,17,17,,1,,2,,,,,,,,1,,,,,,63,
Saint Barthelemy,France,BLM,BL,,,,,,,,,,,,,,,1.06,1.06,1.1,1.19,1.19,1,1.13,,,,,,,,,,2/29/2020,6,5,5,5,5,5,1,,,,,,,,,,,1,,,,,,607,
St Martin,France,MAF,MF,,,,,,,,,,,,,,,1.04,0.99,0.99,0.91,0.87,0.81,0.93,,,,,,,,,,2/29/2020,22,12,12,12,19,19,4,,,,,1,1,,,,,2,,,,,,569,26
,Gabon,GAB,GA,"2,225,734",,,9,23,87,,,,,,,6.3,,1.03,1.01,1,1,0.93,0.75,0.99,26.53,19.5,35.62,"16,877",481,216.1084838,4.39,29.5,77.43333333,3/12/2020,21,6,15,17,17,19,,9,2,,,1,,,,,,1,,,,,,9,0.4
,Gambia,GMB,GM,"2,416,668",,,239,18,59,,,,,,,1.1,,1.03,1.01,0.98,0.96,0.93,0.88,0.98,29.2,24.19,34.04,"1,773",114,47.17238777,3.52,29.45,47.86666667,3/16/2020,4,3,3,3,1,1,,,,,,1,,,,,,2,,,,,,2,0.4
,Georgia,GEO,GE,"3,989,167",,,57,38,58,,,,,,,2.6,31.7,1.08,1.11,1.11,0.95,0.81,0.64,0.92,23.26,15.96,34.46,"15,925",718,179.987451,1.76,9.983333333,58.98333333,2/25/2020,148,82,89,94,105,121,9,7,7,14,14,,,,,,,27,6,6,6,6,6,37,
,Germany,DEU,DE,"83,783,942",,,240,46,76,3/21/2020,3/13/2020,,,,,8.3,30.35,1.06,1.05,1.04,1.02,0.98,0.78,0.97,20.01,16.32,24.67,"3,863,344","5,357",63.93826636,1.45,8.516666667,74.21666667,1/26/2020,"89,126","54,158","51,674","56,986","61,556","63,353","1,494","1,295","4,736","3,747","4,332","1,198",19,37,83,66,91,"24,575","1,979","1,979","3,405","3,936","3,936","1,064",14
,Ghana,GHA,GH,"31,072,940",,,137,22,57,,,,,,,0.9,6.75,1.03,1.01,0.99,0.94,0.95,0.86,0.97,21.09,17.95,25.11,"67,077",249,8.013403302,4,31.43333333,71.58333333,3/11/2020,204,145,125,159,168,168,,9,34,9,,5,,,,,,31,1,1,1,2,2,7,0.2
,Greece,GRC,GR,"10,423,054",,,81,46,85,,,,,,,4.3,42.65,1.06,1.06,1.05,0.99,0.96,0.78,0.95,20.62,18.3,23.49,"214,012","2,204",211.4543396,1.43,14.93333333,66.36666667,2/25/2020,"1,613","1,117","1,213","1,313","1,400","1,493",56,102,101,99,69,59,4,3,1,2,6,61,72,72,90,91,92,155,6
,Grenada,GRD,GD,"112,523",,,331,32,35.5,,,,,,,3.7,,1.1,1.08,0.99,1.05,1.05,0.85,1.03,21.74,17.07,24.84,"1,238",677,6016.547728,2.07,-9.883333333,73.61666667,3/21/2020,10,9,9,9,10,10,,,,1,,,,,,,,,,,,,,89,
Greenland,Denmark,GRL,GL,"56,770",,,0,34,87,,,,,,,14.35340023,,1.05,1.03,1.02,1.1,1.26,1.15,1.1,,,,"2,441",,877.5591735,1.99,,,3/15/2020,10,8,8,8,8,7,,,,,,,,,,,,3,,,,,,176,
Guadeloupe,France,GLP,GP,"400,124",,,237,44,96,,,,,,,0.7,,,,,,,,,,,,8934,,69.58412272,1.9,27.4,74.6,3/12/2020,128,85,85,88,95,98,,,,,,6,,,,,,24,10,10,14,14,14,320,15
Guam,US,GUM,GU,"168,775",,,313,31,95,,,,,,,2.1,,1.06,1.06,1.08,1.03,1.02,0.85,1.03,,,,"35,562",225,1333.135832,2.96,29.53333333,48.9,,,,,,,,,,,,,,,,,,,,,,,,,,
,Guatemala,GTM,GT,"17,915,568",,,167,23,52,,,,,,,0.6,,1.05,1.04,1.01,0.91,0.91,0.87,0.97,21.2,18.54,24.42,"81,318",444,24.78291506,2.77,27.13333333,72.95,3/12/2020,47,25,25,26,33,34,2,,1,7,,1,,,,,,12,1,1,1,1,1,3,0.06
,Guernsey,GGY,GG,"70,000",,,965,44,86,,,,,,,1.8,,1.05,1.07,1.04,1.02,0.99,0.83,0.99,,,,"13,368",,69.58412272,1.56,9.983333333,78.61666667,,,,,,,,,,,,,,,,,,,,,,,,,,
,Guinea,GIN,GN,"13,132,795",,,53,18,39,,,,,,,4.024199963,,1.03,1.02,1.02,1.01,0.92,0.79,1,25.37,24.24,26.7,"4,121",57,4.34027943,4.77,28.66666667,78.6,3/12/2020,52,22,22,30,52,52,6,,8,22,,,,,,,,,,,,,,4,
,Guinea-Bissau,GNB,GW,"1,968,001",,,70,18.8,44.9,,,,,,,1,,1.03,1,0.98,0.99,0.62,0.6,0.96,26.93,24.56,29.26,"1,458",100,50.81298231,4.51,,,3/24/2020,9,8,8,8,9,9,6,,,,,,,,,,,,,,,,,5,
,Guyana,GUY,GY,"786,552",,,4,27,27,,,,,,,1.6,,1.05,1.04,1.05,1.09,0.82,0.71,1.02,25.7,19.99,32.36,"4,725",336,427.1809111,2,31,77.88333333,3/11/2020,19,7,10,10,15,15,,4,,,,4,,1,,1,,,,,,,,24,5
,Haiti,HTI,HT,"11,402,528",,,414,24,56.9,,,,,,,0.7,12.3,1.01,0.99,1,0.99,0.91,0.81,0.98,25.53,20.86,31.37,"8,819",120,10.52398205,2.96,,,3/19/2020,18,14,14,15,15,17,,,1,,2,,,,,,,1,,,,,,2,
,Holy See,VAT,VA,801,,,2003,40,100,,,,,,,5,,,,,,,,,,,,"21,198",,55.42340054,0.2,,,3/5/2020,7,6,6,6,6,7,,,,,,,,,,,,,,,,,,"8,739",
,Honduras,HND,HN,"9,904,607",,,89,24,57,,,,,,,0.7,17.7,1.05,1.04,1.04,1.02,0.88,0.77,1.01,21.39,22.03,20.76,"24,449",353,35.63998047,2.67,28.48333333,69.05,3/10/2020,222,133,131,159,202,204,29,2,31,47,3,15,,,3,4,1,3,4,4,4,4,10,22,2
,Hungary,HUN,HU,"9,660,351",1587,6087.177694,107,43,72,,,,,,,7,28.4,1.06,1.06,1.07,1.01,0.85,0.6,0.91,27.68,19.86,39.93,"170,407","1,912",197.922415,1.45,9.766666667,64.73333333,3/3/2020,623,398,439,465,522,554,39,45,33,60,38,26,2,1,4,1,5,43,6,6,17,17,17,64,3
,Iceland,ISL,IS,"341,243",2278,149.7993854,3,37,94,,,,,,,3.2,16.05,1.05,1.05,1.03,1.02,1.01,0.88,1.01,19.71,20.44,18.65,"23,918","4,116",12061.78588,2,0.7,74.73333333,2/27/2020,"1,364",927,935,993,"1,031","1,051",66,49,85,99,45,4,,,,2,,309,25,11,12,12,12,"3,997",12
,India,IND,IN,"1,380,004,385",5900,233899.0483,464,28,35,3/25/2020,,,,,,0.7,11.15,1.12,1.13,1.13,1.06,1.01,0.9,1.08,96.92,87.54,106.89,"2,935,570",238,0.17246322,2.43,26.53333333,44.3,1/29/2020,"2,567",942,"1,117","1,641","2,096","2,303",47,,437,343,24,72,2,,10,10,,192,,,,,,2,0.05
,Indonesia,IDN,ID,"273,523,615",,,151,30,56,,,,,,,1.2,39.9,1.05,1.04,1.04,1.04,0.84,0.77,1,36.26,23.54,51.83,"1,111,713",369,1.349060848,2.11,32.91666667,62.03333333,3/1/2020,"1,986","1,217","1,311","1,417","1,508","1,671",129,114,149,113,196,181,8,14,21,13,11,134,,,,,,7,0.7
,Iran,IRN,IR,"83,992,949",,,52,32,76,3/13/2020,3/5/2020,,,,,1.5,11.1,1.05,1.05,1.05,1.04,0.97,0.86,1.03,18.84,16.47,20.99,"458,500","1,262",15.02507074,1.97,11.91666667,44.28333333,2/18/2020,"53,183","24,827","27,051","29,084","30,597","31,954","3,186","3,110","2,988","2,875","2,715","3,294",117,141,138,124,134,"17,935","3,511","3,703","3,871","3,956","4,035",633,39
,Iraq,IRQ,IQ,"40,222,493",,,93,21,73,,,,,,,1.4,,1.05,1.04,1.04,1.02,0.91,0.8,1.02,8.56,0.69,18.37,"224,462",481,11.95848303,4,20.3,41.76666667,2/21/2020,820,362,432,474,516,540,,,,44,48,54,,,,2,,226,,,,,,20,1
,Ireland,IRL,IE,"4,937,786",1784,2767.817265,72,38,63,3/28/2020,3/13/2020,,100,3/13/2020,,2.8,22.15,1.06,1.05,1.03,1.01,1,0.86,1,24.92,23.02,27.25,"384,940","5,335",1080.443745,1.97,8.3,80.08333333,2/28/2020,"3,849","2,564","2,851","3,357","3,357","3,746",,,212,,,98,,,14,,,5,59,103,103,126,109,779,20
,Israel,ISR,IL,"8,655,535",3872,2235.417097,400,30,93,3/19/2020,3/12/2020,3/15/2020,2,3/30/2020,,3.1,30.25,1.05,1.05,1.05,1.05,0.96,0.81,1.01,16.1,12.81,20.23,"387,717","2,819",325.6875514,2.64,13.76666667,73.61666667,2/20/2020,"7,030","4,197","4,648","5,340","6,038","6,653",100,136,233,268,173,39,1,4,5,7,3,338,80,83,97,107,115,812,5
,Italy,ITA,IT,"60,461,826",148657,406.7203428,206,47,69,3/19/2020,3/4/2020,3/9/2020,,,3/11/2020,3.4,24,1.06,1.04,1,0.98,0.94,0.75,0.93,17,12.78,22.78,"1,988,636","3,351",55.42340054,1.44,15.78333333,64.78333333,1/29/2020,"115,242","73,880","77,635","80,572","83,049","83,049",,"4,053","4,782","4,668",,"13,915",,837,727,760,,"18,278","3,906","4,023","4,035","4,053","4,053","1,906",230
,Jamaica,JAM,JM,"2,961,167",,,273,31,55,,,,,,,1.7,17.9,1.05,1.04,1.01,0.98,0.93,0.81,0.98,15.74,6.33,26.44,"15,702",511,172.5670994,1.96,28.48333333,74.26666667,3/9/2020,47,33,33,34,39,42,4,,,,,3,,,,,,2,,,,,,16,1
,Japan,JPN,JP,"126,476,461",16484,7672.680235,347,48,92,,3/2/2020,2/25/2020,,,,13.4,22.15,1.06,1.06,1.11,0.98,1,0.77,0.94,12.17,5.8,20.85,"5,154,475","4,405",34.82861526,1.41,13.26666667,51,1/14/2020,"2,617","1,388","1,473","1,649","1,855","2,040",,,,,,63,,,,,,514,56,56,69,69,60,21,0.5
,Jersey,JEY,JE,"106,800",,,819,38,98,,,,,,,6.5,23.4,1.06,1.07,1.06,1,0.96,0.74,0.97,,,,"56,600",,61.05823481,1.66,9.9,79.15,,,,,,,,,,,,,,,,,,,,,,,,,,
,Jordan,JOR,JO,"10,203,134",,,115,24,91,,,,,,,1.4,40.45,1.06,1.05,1.05,1,0.95,0.89,1.02,14.54,7.52,22.09,"44,172",568,55.66916988,3.19,13.58333333,70.25,3/1/2020,299,237,239,237,237,249,,6,4,,,5,1,,,,,45,3,5,5,5,5,29,0.5
,Kazakhstan,KAZ,KZ,"18,776,707",,,7,31,58,,,,,,,6.7,26.6,0.94,0.98,1.04,0.95,0.78,0.53,0.92,114.28,79.27,174.88,"170,326",903,48.09149975,2.25,-4.816666667,89.13333333,3/12/2020,460,280,316,351,393,425,18,38,37,43,25,6,,1,1,,3,29,,6,6,6,6,24,0.3
,Kenya,KEN,KE,"53,771,296",,,94,20,28,,3/15/2020,,,,,1.4,13.35,1.02,1.01,1,1.02,0.84,0.77,1,19.15,14.92,24.16,"98,607",157,2.919773405,2.98,26.13333333,71.4,3/12/2020,122,48,57,77,103,114,8,9,22,29,12,4,,,,2,1,4,2,2,2,2,2,2,0.07
,"Korea, South",KOR,KR,"51,269,185",286716,178.8152213,527,44,82,,2/23/2020,,,,,11.5,27,1.05,1.06,1.12,1.06,0.98,0.71,1,10.48,6.6,16.23,"1,629,532","2,556",49.85450812,1.26,5.9,63.48333333,1/19/2020,"10,062","4,275","4,216","4,155","3,979","3,867",78,125,101,89,86,174,6,4,3,4,5,"6,021",59,55,55,55,55,196,3
,Kosovo,,XK,"1,810,463",,,159,29,65,,,,,,,6.7,,1.08,1.08,1.1,1.12,1.01,0.72,1.06,,,,"7,996",177,97.76504684,2.4,9.216666667,74.68333333,,,,,,,,,,,,,,,,,,,,,,,,,,
,Kuwait,KWT,KW,"4,270,571",120000,35.58809167,240,37,92,,,,,,,2,,1.05,1.08,1.22,1.72,1.31,0.89,1.41,10.99,7.44,13.43,"137,591","2,978",697.330638,2.4,19.93333333,49.78333333,2/23/2020,417,194,216,237,261,335,11,23,28,25,75,,,,,,,82,13,13,13,15,16,98,
,Kyrgyzstan,KGZ,KG,"6,524,195",1545,4222.779935,34,26,36,,,,,,,4.5,27,1.07,1.05,1.03,0.96,0.77,0.62,0.96,39.59,26.73,58.83,"8,261",287,43.99010146,2.61,7.3,65.6,3/17/2020,130,91,104,108,111,124,10,13,4,5,14,1,,,,,1,5,,,3,5,5,20,0.2
,Laos,LAO,LA,"7,275,560",,,32,24.4,35.7,,,,,,,1.5,32.85,1.04,1.02,0.99,0.97,0.96,0.83,0.99,36.62,32.75,41.74,"19,127",166,22.81611312,2.7,,,3/23/2020,10,8,9,10,10,10,,1,1,,,,,,,,,,,,,,,1,
,Latvia,LVA,LV,"1,886,198",1147,1644.462075,30,44,69,,,,,,,5.8,36.6,1.05,1.05,1.07,0.98,0.79,0.48,0.86,8.06,2.76,17.68,"35,045","1,429",757.6086922,1.51,4.833333333,78.66666667,3/1/2020,493,375,397,445,457,492,29,22,48,12,35,,,,,,,1,3,3,3,3,3,261,
,Lebanon,LBN,LB,"6,825,445",,,667,30,78,,,,,,,2.9,38.2,1.05,1.05,1.05,1.02,0.88,0.79,1,17.28,13.86,20.78,"58,565","1,117",163.6523333,1.72,15.98333333,66.01666667,2/20/2020,508,400,414,422,435,445,8,17,16,15,14,17,1,1,2,2,1,46,3,7,5,3,2,74,2
,Liberia,LBR,LR,"5,057,681",,,53,19,53,,,,,,,0.8,15,1.03,1.02,0.97,0.99,0.93,0.97,0.99,17.35,16.33,18.7,"3,221",128,25.30804137,5.06,30.28333333,79.83333333,3/15/2020,7,3,3,6,6,7,,,3,,1,,,,,,,,,,,,,1,
,Libya,LBY,LY,"6,847,352",,,4,28.8,78.2,,,,,,,3.7,,1.05,1.05,1.06,1.1,1.04,1.01,1.07,22.09,14.89,30.45,"33,018",,,2.25,,,3/23/2020,11,8,8,9,10,10,,,,,,1,,,,,,,,,,,,2,0.1
,Liechtenstein,LIE,LI,"38,128",,,109,41,15,,,,,,,8.2,,1.26,1.17,0.99,1,0.95,0.84,0.99,,,,"6,295",94,2465.379773,1.69,5.883333333,78.96666667,3/2/2020,75,62,68,68,72,75,6,6,,,,,,,,,,,,,,,,"1,967",
,Lithuania,LTU,LT,"2,722,289",742,3668.8531,43,45,71,,,,,,,7.3,30.15,1.06,1.05,1.07,0.97,0.79,0.51,0.86,11.5,4.13,25.02,"53,641","1,875",688.7586145,1.59,4.416666667,80.9,2/27/2020,696,476,522,566,633,680,24,46,44,68,47,9,,1,,1,,7,5,27,11,11,11,256,3
,Luxembourg,LUX,LU,"625,978",,,242,40,88,,,,,,,4.8,23.6,1.06,1.06,1.05,1.05,1.03,0.79,1.01,20.52,17.2,24.91,"69,453","6,382",10195.24648,1.62,8,84.18333333,2/28/2020,"2,487","1,926","2,075","2,210","2,377","2,377",38,190,141,168,,30,1,1,6,1,,80,25,31,31,31,31,"3,973",48
Macao,China,MAC,MO,,,,,,,,,,,,,5.2,,1.05,1.09,1.11,0.8,1.01,0.88,0.91,,,,"55,136",,,,,,1/21/2020,42,28,31,31,31,32,1,3,,,1,,,,,,,10,,,,,,65,
,Madagascar,MDG,MG,"27,691,018",,,48,19.6,38.5,,,,,,,0.2,,1.03,1.02,1.01,1,0.95,0.83,1,34.22,27.91,41.65,"12,550",77,2.780685058,4.11,,,3/19/2020,65,39,46,57,59,65,,3,,2,6,,,,,,,,,6,6,6,6,2,
,Malaysia,MYS,MY,"32,365,999",9799,3302.989999,99,30,78,3/18/2020,,,,,,1.9,22.2,1.07,1.06,1.03,1.02,1.03,0.9,1.03,23.73,12.95,34.24,"365,303","1,064",32.8740046,2.5,33.86666667,72.68333333,1/24/2020,"3,333","2,110","2,186","2,218","2,299","2,453",156,140,142,208,217,53,2,6,2,5,3,827,94,94,102,105,108,103,2
,Maldives,MDV,MV,"540,544",,,1802,30,35,,,,,,,4.3,,1.05,1.04,1.37,1.34,1,0.89,1.23,26.7,26.61,26.89,"5,786","1,514",2800.882074,1.73,28.28333333,75.06666667,3/6/2020,19,4,5,6,6,6,,1,1,,,,,,,,,13,,,,,,35,
,Mali,MLI,ML,"20,250,833",,,17,16.3,44,,3/17/2020,,50,3/17/2020,,0.1,20,1.03,1.01,0.91,0.87,1,1,0.95,44.55,34.83,56.55,"17,647",118,5.826920799,5.92,,,3/24/2020,36,23,26,28,28,33,7,3,3,,,3,1,,1,,,,,,,,,2,0.1
,Malta,MLT,MT,"441,543",889,496.6737908,1380,43,93,,,,,,,4.7,24.95,1.06,1.05,1.06,1.05,0.98,0.81,0.99,12.05,6.66,19.15,"14,859","3,471",7861.069024,1.55,15.6,73.1,3/6/2020,202,154,167,186,194,200,5,13,19,8,6,,,,,,,2,4,2,2,2,2,457,
Martinique,France,MTQ,MQ,"375,265",,,354,47,92,,,,,,,0.8,,,,,,,,,,,,11278,,69.58412272,2.1,26.55,75.5,3/4/2020,138,92,90,98,105,108,,26,,,,3,,1,,,,27,12,15,15,16,19,368,8
,Mauritania,MRT,MR,"4,649,658",,,5,20,57,,,,,,,0.4,23.85,1.03,1.01,0.96,0.86,0.82,0.74,0.93,19.71,16.5,24.08,"5,651",177,38.06731592,3.86,30.88333333,30.8,3/12/2020,6,3,3,3,3,3,,,,,,1,,,,,,2,,,,,,1,0.2
,Mauritius,MUS,MU,"1,271,768",,,626,37,41,,,,,,,3.4,21.7,1.05,1.04,1.02,1,0.9,0.68,0.97,30.56,17.36,48.62,"14,391","1,099",864.1513232,1.75,28.2,79.25,3/17/2020,186,125,139,152,162,179,21,15,15,8,17,7,,1,1,1,,,1,1,1,1,1,146,6
Mayotte,France,MYT,YT,"272,815",,,728,20,46,,,,,,,7,,,,,,,,,,,,3300,40,146.6195041,5,29.43333333,73.01666667,3/13/2020,116,72,83,83,105,105,19,12,,15,,1,,1,,,,10,3,3,3,3,3,425,4
,Mexico,MEX,MX,"128,932,753",,,66,29,84,,,,500,3/24/2020,3/26/2020,1.5,13.7,1.05,1.05,1.03,0.93,0.85,0.82,0.96,27.85,23.43,33.14,"1,274,175","1,009",7.825784966,2.24,26.93333333,42.4,2/27/2020,"1,510",938,"1,031","1,151","1,306",827,145,101,121,163,132,50,4,8,1,8,13,633,1,1,1,1,1,12,0.4
,Moldova,MDA,MD,"4,033,963",,,123,38,43,,,,,,,5.8,25.55,1.06,1.06,1.07,1.01,0.85,0.62,0.95,17.13,9.21,29.88,"11,688",515,127.6660197,1.57,10.5,64.61666667,3/6/2020,505,281,331,395,476,473,35,55,70,82,,6,,2,1,1,,26,44,44,44,65,65,125,1
,Monaco,MCO,MC,"39,242",,,26337,54,100,,,,,,,13.8,,1.04,1.06,1.06,1,0.99,0.81,0.95,,,,"6,075","3,407",86820.24362,1.53,14.05,62.23333333,2/27/2020,60,44,49,52,52,57,,3,3,,,1,,,,,,2,,,2,2,2,"1,529",25
,Mongolia,MNG,MN,"3,278,290",,,2,28,67,,,,,,,7,26.5,1.05,1.04,1.02,0.94,0.85,0.69,0.96,13.4,9.3,18.76,"13,637",470,143.3674263,2.09,-9.333333333,82.3,3/9/2020,14,10,10,12,12,12,,,2,,,,,,,,,2,,,,,,4,
,Montenegro,MNE,ME,"628,066",,,47,39,68,,,,,,,4,,1.06,0.97,0.83,1.17,1,0.66,0.99,17.6,10.7,26.47,"5,424",957,1523.725214,1.7,12.48333333,67.78333333,3/16/2020,160,90,107,121,138,158,6,18,14,17,16,2,,1,,,,,1,1,4,4,4,255,3
,Morocco,MAR,MA,"36,910,560",,,83,30,64,,,,,,,1.1,23.4,1.05,1.03,0.99,0.94,0.99,0.82,0.97,10.39,7.51,13.73,"119,040",435,11.7852452,2.11,18.96666667,72.31666667,3/1/2020,735,473,542,579,607,639,37,46,25,22,27,47,3,3,1,1,3,49,1,1,1,1,1,20,1
,Mozambique,MOZ,MZ,"31,255,435",,,40,17.6,38.3,,,,,,,0.7,18.65,1.02,1.01,0.97,0.88,0.92,0.85,0.96,17.81,14.6,22.13,"15,093",64,2.047643874,4.89,,,3/21/2020,10,8,8,10,10,10,,,2,,,,,,,,,,,,,,,0.3,
,Namibia,NAM,NA,"2,540,905",,,3,22,55,,,,,,,2.7,25.15,1.03,1.02,0.99,0.91,0.82,0.75,0.96,43.86,29.39,65.58,"14,368",942,370.7340495,3.29,27.25,49.68333333,3/13/2020,14,9,9,12,12,11,,,3,,,,,,,,,3,,,,,,6,
,Nepal,NPL,NP,"29,136,808",,,203,25,21,,,,,,,0.3,24.1,1.04,1.07,1,0.82,0.95,0.86,0.95,100.75,94.59,107.64,"29,813",151,5.182448263,2.12,18.85,66.63333333,1/23/2020,6,4,4,4,5,5,,,,1,,,,,,,,1,,,,,,0.2,
Curacao,Netherlands,CUW,CW,"164,093",,,370,41.6,88.7,,,,,,,,,1.05,1.04,1.09,0.96,0.76,0.7,0.92,,,,"3,195",,,1.76,,,3/12/2020,11,8,8,7,7,7,3,,,,,1,,,,,,3,,,,,,67,6
Sint Maarten,Netherlands,SXM,SX,,,,,,,,,,,,,,,1.05,1.09,0.98,0.95,0.92,0.92,0.98,,,,"1,059",,,,,,3/17/2020,23,6,6,9,9,15,,,10,,5,2,,,1,,1,6,,,,,,536,47
,Netherlands,NLD,NL,"17,134,872",6000,2855.812,508,43,92,,3/15/2020,3/15/2020,3,3/23/2020,,4.7,25.05,1.05,1.05,1.04,1.01,0.99,0.82,0.98,26,22.74,30.36,"902,355","5,313",310.0694303,1.78,8.983333333,78.13333333,2/26/2020,"15,723","10,636","11,306","12,191","13,108","13,986",884,845,"1,019","1,083","1,026","1,487",93,175,134,166,148,250,"1,053","1,053","1,053","1,053","1,182",918,87
,New Zealand,NZL,NZ,"4,822,233",584,8257.248288,18,38,87,3/23/2020,,,,,,2.8,,1.05,1.05,1.06,1,0.95,0.86,0.99,21.88,19.66,24.61,"204,671","3,530",732.0260137,2.02,18.7,79.25,2/27/2020,868,525,572,624,704,764,75,58,61,89,71,1,,,,,,103,2,2,2,2,2,180,0.2
,Nicaragua,NIC,NI,"6,624,554",,,55,26.5,57.2,,,,,,,0.9,,1.05,1.04,1.01,0.9,0.86,0.81,0.95,22.37,18.46,27.37,"12,528",406,61.28714476,2.42,,,3/18/2020,5,3,3,4,4,4,,,,,,1,,,,,,,,,,,,0.8,0.2
,Niger,NER,NE,"24,206,644",,,19,15.2,16.5,,,,,,,0.3,9.4,1.03,1.02,0.98,1,1.08,1.04,1.01,24.86,21.83,28.33,"9,443",68,2.809146117,6.95,,,3/18/2020,98,19,24,31,69,93,4,,,,,5,2,,,,,,,,,,,4,0.2
,Nigeria,NGA,NG,"206,139,589",,,226,18,52,3/30/2020,,,,,,0.3,9.25,1.06,1.05,1.04,1.05,0.95,0.91,1.04,21.14,19.65,22.75,"446,543",215,1.042982578,5.07,39.86666667,18.21666667,2/27/2020,190,107,125,140,163,168,,4,16,,6,2,,,,,,20,,,,,,0.9,0.01
,North Macedonia,MKD,MK,"2,083,374",,,83,39,59,,,,,,,4.4,,1.08,1.07,1.07,1.03,0.96,0.75,0.99,22.14,15.16,30.89,"12,672",857,411.3519704,1.6,9.833333333,68.45,2/25/2020,430,266,308,326,356,402,26,44,25,30,46,11,1,2,2,,,17,1,4,4,4,8,206,5
,Norway,NOR,NO,"5,421,241",18062,300.1462186,15,40,83,,3/12/2020,3/12/2020,,,,3.9,22.25,1.06,1.05,1.05,1.06,1.02,0.84,1.02,26.13,23.51,29.49,"417,627","6,222",1147.707693,1.85,2.383333333,79.36666667,2/25/2020,"5,296","4,392","4,553","4,771","5,044","5,208",152,160,187,247,149,56,6,7,5,4,6,32,97,97,105,105,96,977,10
,Oman,OMN,OM,"5,106,626",,,16,31,87,,,,,,,1.6,11,1.05,1.05,1.1,1.38,1.14,0.99,1.19,10.87,9.06,12.54,"76,609","1,636",320.3680865,2.82,24.4,55.96666667,2/23/2020,252,150,158,175,173,194,12,13,18,21,21,1,,,,,,57,3,3,3,3,3,49,0.2
,Pakistan,PAK,PK,"220,892,340",531,415993.1073,287,23,35,,,,,,,0.6,22.45,1.05,1.06,1.06,1.08,1.01,0.88,1.06,50.61,35.5,64.92,"284,214",134,0.606630361,2.62,20.85,53.01666667,2/25/2020,"2,458","1,601","1,812","1,997","2,247","2,297",53,197,180,268,37,35,6,5,1,5,1,126,11,12,12,12,10,11,0.2
,Panama,PAN,PA,"4,314,767",756,5707.363757,58,30,68,,,,,,,2.3,6.6,1.05,1.04,1.04,1.03,0.98,0.85,1.01,24.25,19.96,29.06,"68,536","1,543",357.6091131,2.3,31.5,77.85,3/9/2020,"1,475",961,"1,039","1,142","1,276","1,429",,,,,,37,,,,,,9,36,43,50,50,50,342,9
,Paraguay,PRY,PY,"7,132,538",,,18,26,62,,3/10/2020,,1000,3/10/2020,,1.3,18.1,1.05,1.04,1.01,1,1.04,0.88,1.01,19.1,12.7,26.11,"40,714",724,101.5066446,1.9,36.93333333,50.95,3/6/2020,92,60,61,65,72,85,5,1,4,8,15,3,,,,,,4,3,3,4,4,4,13,0.4
,Peru,PER,PE,"32,971,854",,,26,31,79,3/15/2020,,,,,,1.6,,1.05,1.04,1,0.92,0.94,0.9,0.97,17.69,14.94,20.96,"228,989",671,20.35069062,2.12,25.86666667,74.85,3/5/2020,"1,414",818,988,899,882,822,,115,258,,,55,,,,9,,537,40,49,49,49,51,43,2
,Philippines,PHL,PH,"109,581,078",1030,106389.3961,368,26,47,,,,,,,1,25.75,1.05,1.04,1.04,1.03,0.84,0.72,1.01,44.52,27.04,67.56,"356,814",323,2.947589181,3.02,30.9,65.88333333,1/29/2020,"3,018","1,426","1,947","2,165","2,475","2,830",128,538,227,322,385,136,7,10,8,11,29,52,1,1,1,1,1,28,1
,Poland,POL,PL,"37,846,611",7899,4791.316749,124,42,60,,3/12/2020,3/12/2020,500,3/12/2020,,6.5,28.05,1.06,1.06,1.05,1.02,0.9,0.64,0.94,16.16,9.98,25.9,"565,854","1,704",45.02384639,1.35,7.05,70.78333333,3/3/2020,"3,149","1,951","2,176","2,377","2,585","3,034",122,160,109,138,203,59,4,1,3,8,2,56,3,50,50,50,50,83,2
,Portugal,PRT,PT,"10,196,709",,,111,46,66,,3/19/2020,3/19/2020,,,,3.4,22.6,1.07,1.09,1.13,1.03,0.88,0.69,0.96,13.35,9.14,19.18,"236,408","2,661",260.966553,1.53,17.28333333,75.61666667,3/1/2020,"9,886","6,225","7,240","8,021","8,757","9,572",446,"1,035",808,783,852,246,21,20,27,22,37,68,164,188,230,230,245,970,24
Puerto Rico,US,PRI,PR,"2,860,853",,,323,44,88,3/16/2020,3/16/2020,,,,,3.319999933,,1.02,1.04,1.05,0.92,0.83,0.76,0.91,,,,"99,913",306,106.9611057,1.22,,,,,,,,,,,,,,,,,,,,,,,,,,,,
,Qatar,QAT,QA,"2,881,053",,,248,32,96,,,,,,,1.2,,1.02,1.03,2.64,4.91,3.38,1.71,3.41,7.87,5.37,9.21,"191,849","3,900",1353.67173,1.9,22.91666667,56.98333333,2/28/2020,949,585,641,717,762,874,,,,,,3,,,,,,72,6,6,6,37,37,329,1
,Republic of the Congo,COG,CG,"5,518,087",,,16,17,46,,,,,,,0.8,,1.03,1.01,1,1,0.89,0.73,1,34.27,33.07,35.86,8723,203,36.78811153,4.59,,,3/14/2020,22,19,19,19,18,18,,,,,,2,,,,,,2,,,,,,4,0.4
Reunion,France,REU,RE,"895,312",,,358,36,100,,,,,,,10.2,,,,,,,,,,,,2230,,69.58412272,2.1,26.73333333,80.48333333,3/10/2020,308,223,246,241,268,268,41,23,34,27,,,,,,,,40,,4,3,3,3,344,
,Romania,ROU,RO,"19,237,691",3708,5188.158306,84,43,55,,,,,,,6.3,29.8,1.06,1.06,1.05,1.02,0.88,0.68,0.95,18.8,10.65,30.05,"243,698","1,090",56.65960639,1.35,11.56666667,62.1,2/25/2020,"3,183","1,700","1,945","2,122","2,377","2,778",137,136,215,278,445,122,3,15,4,2,7,283,31,62,57,78,83,165,6
,Russia,RUS,RU,"145,934,462",116061,1257.394491,9,40,74,3/30/2020,,,,,,8.2,40.9,1.06,1.06,1.05,0.96,0.75,0.45,0.86,14.51,5.9,30.85,"1,637,892","1,414",9.689280932,1.61,2.016666667,85.46666667,1/30/2020,"4,149","1,761","2,199","2,563","3,283","3,834",302,501,440,771,601,34,1,8,7,6,4,281,8,8,8,8,8,28,0.2
,Rwanda,RWA,RW,"12,952,218",,,525,20,18,3/21/2020,,,,,,1.6,,1.03,1.02,1,1,0.88,0.7,1,25.79,17.88,37.3,"10,209",143,11.04058008,3.87,26.53333333,81.08333333,3/13/2020,84,70,70,82,82,84,,,7,,,,,,,,,,,,,,,6,
,Saint Kitts and Nevis,KNA,KN,"53,199",,,205,34.8,32.9,,,,,,,2.3,,1.02,1.01,0.94,1.05,1,0.83,1,,,,"1,032",1443,27124.57001,1.77,,,3/24/2020,9,7,8,8,8,9,5,1,,,,,,,,,,,,,,,,169,
,Saint Lucia,LCA,LC,"183,627",,,301,34,19,,,,,,,1.3,,1.06,1.06,1.03,0.93,0.86,0.83,0.95,24.89,13.02,37.89,"1,992",681,3708.604944,1.75,27.08333333,75.3,3/12/2020,13,8,8,12,12,12,,,,,,,,,,,,1,,,,,,71,
,Saint Vincent and the Grenadines,VCT,VC,"115,000",,,307,33,78,,,,,,,2.6,,1.03,1.02,1.02,1.08,1.06,0.87,1.03,18.27,6.31,30.45,856,470,4086.956522,1.8,26.33333333,76.53333333,3/10/2020,3,0,0,0,1,2,,,,,1,,,,,,,1,,,,,,27,
,San Marino,SMR,SM,"33,931",,,566,47,97,,,,,,,3.8,,1.1,1.14,1.06,0.89,0.99,0.81,0.94,,,,"1,591","3,675",108308.0369,1.5,,,2/26/2020,245,192,192,197,195,194,6,,,,,30,3,,,,,21,16,16,16,16,15,"7,221",884
,Saudi Arabia,SAU,SA,"34,813,871",,,16,32,84,,,,,,,2.7,15.4,1.05,1.05,1.15,1.31,1.21,1.05,1.19,12.41,9.55,15.56,"779,289","3,121",89.648175,2.09,24.5,26.55,3/1/2020,"2,039","1,330","1,388","1,440","1,536","1,663",154,110,157,165,154,25,,2,6,5,4,351,12,31,31,31,41,59,0.7
,Senegal,SEN,SN,"16,743,927",,,87,19,49,,,,,,,0.3,12.05,1.03,1.01,0.99,0.85,0.76,0.82,0.94,22.57,16.9,30.09,"23,940",97,5.79314518,4.28,24.35,63.31666667,3/1/2020,207,135,135,144,139,140,20,13,15,5,12,1,,,1,,,66,,,,,1,12,0.06
,Serbia,SRB,RS,"8,737,371",,,100,42,56,,,,,,,5.7,41.65,1.07,1.06,1.06,1.02,0.93,0.7,0.95,23.27,15.49,33.82,"51,523","1,324",151.5329955,1.44,11.45,63.88333333,3/5/2020,"1,476",727,835,990,"1,098","1,395",44,115,160,111,305,39,3,7,5,3,8,42,62,62,62,81,81,169,4
,Seychelles,SYC,SC,"98,347",,,214,34,56,,,,,,,3.6,25.9,1.03,1.05,1.1,1.12,1.06,0.64,1.06,19.52,11.52,31.47,"1,644",867,8815.723916,1.85,20.68333333,43.26666667,3/13/2020,10,8,10,10,10,10,,2,,,,,,,,,,,,,,,,102,
,Singapore,SGP,SG,"5,850,342",,,8358,42,99,,,,,,,2.4,16.5,1.07,1.05,0.97,0.95,1,0.83,0.96,8.32,3.17,14.81,"362,818","3,681",629.1939856,0.83,30.2,76.48333333,1/22/2020,"1,114",648,683,752,779,827,35,47,74,49,65,5,,,,1,1,282,19,22,24,24,24,190,0.9
,Slovakia,SVK,SK,"5,459,642",1595,3422.973041,114,41,54,,,,,,,4.8,28.65,1.07,1.05,1.06,1.02,0.9,0.62,0.94,11.72,6.72,19.81,"106,552","2,062",377.6804413,1.41,9.033333333,71.78333333,3/5/2020,450,329,360,396,420,439,22,27,37,26,24,1,,,1,,,10,1,1,1,3,3,82,0.2
,Slovenia,SVN,SI,"2,078,938",6712,309.7345054,103,45,55,,,,,,,4.6,20.2,1.07,1.06,1.05,1.02,0.97,0.68,0.95,11.89,8.36,16.95,"54,154","2,734",1315.094534,1.36,9.066666667,79.46666667,3/3/2020,934,735,777,816,810,844,26,46,39,56,37,20,,4,,2,3,70,28,24,31,31,31,449,10
,Somalia,SOM,SO,"15,893,222",,,25,17,47,,,,,,,0.9,,1.03,1,1.02,1.07,0.96,0.64,1.01,18.02,15.15,21.39,"4,958",174,10.94806327,5.8,29.2,76.46666667,3/15/2020,5,3,4,4,4,4,,2,,,,,,,,,,1,,,,,,0.3,
,South Africa,ZAF,ZA,"59,308,690",645,91951.45736,49,28,67,3/26/2020,,,,,,2.8,18.95,1.02,1.01,0.98,1.02,0.87,0.73,0.98,44.3,28.03,75.32,"358,839","1,086",18.31097601,2.29,29.81666667,47.68333333,3/4/2020,"1,505","1,247","1,319","1,325","1,325","1,403",,27,27,,43,7,,,,,2,95,7,7,7,7,7,25,0.1
,Spain,ESP,ES,"46,754,778",,,94,45,80,3/15/2020,3/12/2020,,,,,3,29.2,1.07,1.06,1.07,1.04,0.95,0.74,0.98,16.37,8.22,27.49,"1,397,870","3,183",68.07860365,1.5,16.13333333,65.66666667,1/30/2020,"117,710","61,075","66,889","70,436","73,492","76,262","5,085","6,461","6,213","6,120","5,645","10,935",537,553,589,616,587,"30,513","5,231","5,607","5,872","6,092","6,416","2,518",234
,Sri Lanka,LKA,LK,"21,413,249",,,341,34,18,,,,,,,3.6,14.4,1.04,1.04,1.03,0.96,0.86,0.74,0.96,21.58,15.38,29.36,"86,566",353,16.48512096,2.07,32.28333333,75.18333333,1/26/2020,152,105,124,123,127,124,5,21,3,5,1,4,1,,,,,24,5,5,5,5,5,7,0.2
,Sudan,SDN,SD,"43,849,260",,,25,20,35,,,,,,,0.8,,1.05,1.03,1.06,0.94,1.1,1.19,1.02,35.12,35.81,34.49,"30,873",277,6.317096343,3.57,38.15,29.83333333,3/12/2020,10,4,4,3,4,6,,1,,1,2,2,1,,,,,2,,,,,,0.2,0.05
,Suriname,SUR,SR,"586,632",,,4,29,65,,,,,,,3.1,,1.05,1.04,1.04,1.04,0.96,0.76,1.01,13.41,10.01,17.6,"3,774","1,017",1733.625169,1.93,29.85,75.86666667,3/12/2020,10,8,8,10,10,10,,,1,,,,,,,,,,,,,,,17,
,Sweden,SWE,SE,"10,099,265",14300,706.2423077,25,41,88,,3/17/2020,,500,3/11/2020,,2.6,20.6,1.06,1.06,1.06,1.03,1.01,0.85,1,16.17,16.58,17.03,"528,929","5,299",524.6916484,1.88,4.65,76.78333333,1/30/2020,"6,078","3,866","4,239","4,692","5,081","5,642",328,407,512,519,510,333,36,34,59,43,25,103,306,358,393,429,469,602,33
,Switzerland,CHE,CH,"8,654,622",4000,2163.6555,219,43,74,,3/13/2020,,5,3/20/2020,3/16/2020,4.7,23.3,1.06,1.06,1.04,1.01,1,0.78,0.97,15.22,11.94,19.47,"715,360","7,583",876.1792254,1.56,9.45,78.63333333,2/24/2020,"19,303","13,370","13,968","13,709","13,940","13,884",697,264,532,707,476,573,33,36,28,34,37,"4,846",301,301,348,348,348,"2,230",66
,Syria,SYR,SY,"17,390,388",,,95,25.6,60,,,,,,,1.5,,1.06,1.05,1.03,0.99,0.98,0.82,1.01,11.71,7.94,16.19,"60,043",169,9.718012042,2.84,,,3/21/2020,16,8,8,8,14,14,,,,6,,2,,,,,,,,,,,,0.9,0.1
,Taiwan*,TWN,TW,"23,816,775",18812,1266.041622,673,42,79,,2/2/2020,,,,,10.4,,1.07,1.06,1.05,1,0.96,0.86,0.99,,,,"586,104",3751,157.4940352,1.13,20.81666667,71.53333333,1/20/2020,348,262,278,279,284,293,8,16,7,10,9,5,2,,,,,50,,,,,,15,0.2
,Tanzania,TZA,TZ,"59,734,218",,,67,18,37,,,,,,,0.7,15.65,1.03,1.02,1,1.01,0.78,0.75,0.99,18.09,14.24,22.47,"62,224",96,1.607119055,4.77,25.9,86.98333333,3/15/2020,20,18,17,18,17,16,5,,1,,,1,,1,,,,3,,,,,,0.3,0.02
,Thailand,THA,TH,"69,799,978",7084,9853.187182,137,40,51,,,,,,,2.1,21.85,1.05,1.05,1.04,0.98,0.89,0.78,0.97,25.82,12.91,41.67,"529,177",610,8.739257769,1.52,35.26666667,53.58333333,1/12/2020,"1,978","1,286","1,299","1,254","1,355","1,378",136,127,120,104,103,19,2,1,2,3,4,581,11,23,23,23,23,28,0.3
,Timor-Leste,TLS,TL,"1,318,445",,,89,20.8,32.8,,,,,,,5.9,,1.07,1.06,1.03,0.93,1.04,0.91,1.01,30.82,28.59,34.07,"2,938",141,106.9441653,4.1,,,3/20/2020,1,1,1,1,1,1,,,,,,,,,,,,,,,,,,0.8,
,Togo,TGO,TG,"8,278,724",,,152,19,43,,,,,,,0.8,,1.03,1.01,1,0.99,0.89,0.76,0.98,29.36,24.97,34.77,"5,502",96,11.59598991,4.38,32.8,68.15,3/5/2020,40,28,23,24,24,20,5,4,2,,1,3,,,1,,1,17,,,,,,5,0.4
,Trinidad and Tobago,TTO,TT,"1,399,488",,,273,36,52,,,,,,,3,,1.03,1.04,1.09,1.09,0.99,0.77,1.03,14.1,6.52,23.73,"22,607","2,204",1574.861664,1.71,,,3/11/2020,97,78,81,83,84,90,4,2,2,,3,6,,,2,,1,1,,,,,,69,4
,Tunisia,TUN,TN,"11,818,619",,,76,33,70,,,,,,,2.3,,1.07,1.06,1.01,0.94,1.03,0.97,0.99,23.54,10.97,38.83,"38,732",774,65.48988507,2.23,18.5,67.6,3/1/2020,455,302,349,406,436,436,,,29,32,,14,,1,2,2,,5,10,10,10,10,10,38,1
,Turkey,TUR,TR,"84,339,067",,,110,32,76,,3/16/2020,3/16/2020,,,,2.7,25.95,1.05,1.05,1.04,1.03,0.99,0.8,1.01,35.63,21.2,55.26,"743,708",996,11.80947378,2.01,8.7,67.53333333,3/9/2020,"18,135","8,981","13,074","15,069","15,069","17,364",,"2,704","2,148",,,356,,46,63,,,415,568,622,847,979,"1,101",215,4
,US,USA,US,"331,002,651",62657,5282.772093,36,38,83,,,,,,,2.9,17.25,1.05,1.04,1.05,1,0.93,0.79,0.97,32.01,30.04,34.55,"21,439,453","9,536",28.80943694,1.87,13.75,73.4,1/20/2020,"257,379","137,949","166,846","191,775","210,779","238,880","1,640","12,730","16,506","11,375","12,502","6,558",26,290,463,232,488,"11,941","2,972","3,893","4,888","5,403","5,781",778,20
,Uganda,UGA,UG,"45,741,007",,,229,16.7,25.7,,,,,,,0.5,9.65,1.03,1,0.98,1,0.93,0.79,0.99,22.19,18.74,26.45,"30,666",139,3.038848707,5.01,,,3/20/2020,45,33,33,44,44,45,,,,,,,,,,,,,,,,,,1,
,Ukraine,UKR,UA,"43,733,762",500,87467.524,75,41,69,,,,,,,8.8,31.7,1.06,1.06,1.05,0.96,0.75,0.5,0.86,11.11,4.73,22.11,"150,401",469,10.72398025,1.54,6.433333333,74.58333333,3/2/2020,942,463,528,642,771,900,5,1,24,10,45,23,1,,,,1,19,,,,,16,22,0.5
,United Arab Emirates,ARE,AE,"9,890,402",125000,79.123216,118,33,86,,,,,,,1.2,,1.05,1.05,1.47,3.2,2.93,1.69,2.18,18.37,12.55,20.21,"405,771","2,426",245.2883108,2.32,21.93333333,92.31666667,1/28/2020,"1,024",545,597,597,745,920,41,53,,,,8,2,1,,,,96,2,2,2,2,2,104,0.8
,United Kingdom,GBR,GB,"67,886,011",50442,1345.823143,281,40,83,3/23/2020,3/20/2020,3/20/2020,,,,2.8,19.15,1.05,1.05,1.04,1.04,0.98,0.81,0.99,23.66,21.11,26.84,"2,743,586","4,145",61.05823481,1.88,6.433333333,74.58333333,1/30/2020,"38,168","20,598","23,226","26,987","30,662","34,428","2,619","3,009","4,324","4,244","4,450","3,605",180,381,563,569,684,135,163,163,163,163,163,562,53
,Uruguay,URY,UY,"3,473,730",,,20,36,96,,,,,,,2.8,23.05,1.04,1.04,1.03,0.98,0.89,0.66,0.94,33.57,23.14,49.85,"59,918","1,748",503.205488,1.8,28.7,55.98333333,3/12/2020,369,309,294,295,284,297,6,,,,19,4,,,1,2,,68,9,9,12,15,13,106,1
,Uzbekistan,UZB,UZ,"33,469,203",,,79,28,50,,,,,,,4,13.1,1.06,1.05,1.03,0.99,0.9,0.74,0.99,10.42,7.99,13.64,"60,490",383,11.44335585,1.76,13.56666667,52.05,3/14/2020,221,140,158,167,163,194,5,18,9,9,16,2,,,,,,25,8,8,8,8,8,7,0.06
,Venezuela,VEN,VE,"28,435,940",,,32,30,80,,,,,,,0.8,,1.05,1.05,1.03,0.98,0.92,0.79,0.99,22.34,18.58,27.11,"70,140",579,20.36155654,2.32,24.78333333,79.51666667,3/12/2020,146,87,93,99,98,98,10,,8,,,5,,,,,,43,6,6,6,6,6,5,0.2
,Vietnam,VNM,VN,"97,338,579",9696,10039.04486,314,32,38,2/13/2020,2/12/2020,3/26/2020,20,3/26/2020,,2.6,24.2,1.11,1.11,1.08,1.01,0.85,0.63,1,26.26,16.8,41.72,"261,637",334,3.431321922,1.81,24.16666667,73.75,1/22/2020,237,148,149,155,152,152,9,3,6,9,4,,,,,,,85,3,3,3,3,3,2,
,Zambia,ZMB,ZM,"18,383,955",,,25,18,45,,,,,,,2,15.55,1.03,1.01,1,1.02,0.88,0.76,1,20.04,15.2,26.16,"23,946",203,11.04223765,5.63,24.96666667,87.76666667,3/17/2020,39,35,35,36,38,36,6,,,3,,1,,,,1,,2,,,,,,2,0.05
,Zimbabwe,ZWE,ZW,"14,862,924",,,38,18.7,38.4,,,,,,,1.7,16.65,1.03,1.02,1.02,1.1,0.58,0.64,1.01,22.53,19.31,26.47,"12,818",182,12.24523519,3.63,,,3/19/2020,9,6,7,7,7,8,,1,,,,1,,,,,,,,,,,,0.6,0.07
Wuhan,China,,,,,,,,,1/23/2020,,,,,,,,,,,,,,,,,,,,,,,,,,,,,,,,,,,,,,,,,,,,,,,,,
Hubei,China,,,,,,,,,1/24/2020,,,,,,,,,,,,,,,,,,,,,,,,,,,,,,,,,,,,,,,,,,,,,,,,,
Alabama,US,,,,,,,,,,3/18/2020,3/20/2020,,,,,,,,,,,,,,,,,,,,,,,,,,,,,,,,,,,,,,,,,,,,,,,
Alaska,US,,,,,,,,,3/28/2020,3/16/2020,3/18/2020,10,3/24/2020,,,,,,,,,,,,,,,,,,,,,,,,,,,,,,,,,,,,,,,,,,,,,
Arizona,US,,,,,,,,,,3/16/2020,3/20/2020,,,,,,,,,,,,,,,,,,,,,,,,,,,,,,,,,,,,,,,,,,,,,,,
Arkansas,US,,,,,,,,,,3/17/2020,,,,,,,,,,,,,,,,,,,,,,,,,,,,,,,,,,,,,,,,,,,,,,,,
California,US,,,,,,,,,3/19/2020,3/12/2020,3/17/2020,,,,,,,,,,,,,,,,,,,,,,,,,,,,,,,,,,,,,,,,,,,,,,,
San Franciso,US,,,,,,,,,3/17/2020,,,,,,,,,,,,,,,,,,,,,,,,,,,,,,,,,,,,,,,,,,,,,,,,,
Colorado,US,,,,,,,,,3/26/2020,3/18/2020,3/1/2020,10,3/18/2020,,,,,,,,,,,,,,,,,,,,,,,,,,,,,,,,,,,,,,,,,,,,,
Connecticut,US,,,,,,,,,,3/15/2020,3/16/2020,,,3/20/2020,,,,,,,,,,,,,,,,,,,,,,,,,,,,,,,,,,,,,,,,,,,,
Delaware,US,,,,,,,,,3/23/2020,3/16/2020,3/16/2020,,,,,,,,,,,,,,,,,,,,,,,,,,,,,,,,,,,,,,,,,,,,,,,
Florida,US,,,,,,,,,3/30/2020,3/16/2020,3/17/2020,,,,,,,,,,,,,,,,,,,,,,,,,,,,,,,,,,,,,,,,,,,,,,,
Georgia,US,,,,,,,,,4/3/2020,3/18/2020,3/24/2020,10,3/24/2020,,,,,,,,,,,,,,,,,,,,,,,,,,,,,,,,,,,,,,,,,,,,,
Atlanta,US,,,,,,,,,,,3/19/2020,,,,,,,,,,,,,,,,,,,,,,,,,,,,,,,,,,,,,,,,,,,,,,,
Hawaii,US,,,,,,,,,3/25/2020,3/13/2020,3/17/2020,,,3/17/2020,,,,,,,,,,,,,,,,,,,,,,,,,,,,,,,,,,,,,,,,,,,,
Honolulu,US,,,,,,,,,3/23/2020,,,,,,,,,,,,,,,,,,,,,,,,,,,,,,,,,,,,,,,,,,,,,,,,,
Idaho,US,,,,,,,,,3/25/2020,3/23/2020,3/18/2020,,,,,,,,,,,,,,,,,,,,,,,,,,,,,,,,,,,,,,,,,,,,,,,
Illinois,US,,,,,,,,,3/21/2020,3/13/2020,3/16/2020,,,,,,,,,,,,,,,,,,,,,,,,,,,,,,,,,,,,,,,,,,,,,,,
Indiana,US,,,,,,,,,3/25/2020,3/15/2020,3/16/2020,,,,,,,,,,,,,,,,,,,,,,,,,,,,,,,,,,,,,,,,,,,,,,,
Iowa,US,,,,,,,,,,3/16/2020,3/17/2020,,,,,,,,,,,,,,,,,,,,,,,,,,,,,,,,,,,,,,,,,,,,,,,
Kansas,US,,,,,,,,,3/30/2020,3/17/2020,,10,3/24/2020,,,,,,,,,,,,,,,,,,,,,,,,,,,,,,,,,,,,,,,,,,,,,
Kentucky,US,,,,,,,,,,3/16/2020,3/16/2020,100,3/19/2020,3/26/2020,,,,,,,,,,,,,,,,,,,,,,,,,,,,,,,,,,,,,,,,,,,,
Louisiana,US,,,,,,,,,3/23/2020,3/13/2020,3/16/2020,,,,,,,,,,,,,,,,,,,,,,,,,,,,,,,,,,,,,,,,,,,,,,,
Maine,US,,,,,,,,,3/25/2020,3/18/2020,3/18/2020,,,,,,,,,,,,,,,,,,,,,,,,,,,,,,,,,,,,,,,,,,,,,,,
Maryland,US,,,,,,,,,3/30/2020,3/16/2020,3/16/2020,,,3/23/2020,,,,,,,,,,,,,,,,,,,,,,,,,,,,,,,,,,,,,,,,,,,,
Massachusetts,US,,,,,,,,,3/24/2020,3/17/2020,3/17/2020,,,3/24/2020,,,,,,,,,,,,,,,,,,,,,,,,,,,,,,,,,,,,,,,,,,,,
Michigan,US,,,,,,,,,3/24/2020,3/12/2020,3/16/2020,,,,,,,,,,,,,,,,,,,,,,,,,,,,,,,,,,,,,,,,,,,,,,,
Minnesota,US,,,,,,,,,3/27/2020,3/15/2020,3/17/2020,,,,,,,,,,,,,,,,,,,,,,,,,,,,,,,,,,,,,,,,,,,,,,,
Mississippi,US,,,,,,,,,4/3/2020,3/18/2020,,,,,,,,,,,,,,,,,,,,,,,,,,,,,,,,,,,,,,,,,,,,,,,,
Missouri,US,,,,,,,,,3/25/2020,3/17/2020,3/23/2020,10,3/23/2020,,,,,,,,,,,,,,,,,,,,,,,,,,,,,,,,,,,,,,,,,,,,,
Montana,US,,,,,,,,,3/28/2020,3/15/2020,,10,3/24/2020,,,,,,,,,,,,,,,,,,,,,,,,,,,,,,,,,,,,,,,,,,,,,
Nebraska,US,,,,,,,,,,3/13/2020,3/16/2020,50,3/16/2020,,,,,,,,,,,,,,,,,,,,,,,,,,,,,,,,,,,,,,,,,,,,,
Nevada,US,,,,,,,,,4/1/2020,3/16/2020,,,,3/17/2020,,,,,,,,,,,,,,,,,,,,,,,,,,,,,,,,,,,,,,,,,,,,
New Hampshire,US,,,,,,,,,3/28/2020,3/16/2020,3/16/2020,10,3/23/2020,,,,,,,,,,,,,,,,,,,,,,,,,,,,,,,,,,,,,,,,,,,,,
New Jersey,US,,,,,,,,,3/21/2020,3/18/2020,3/16/2020,,,,,,,,,,,,,,,,,,,,,,,,,,,,,,,,,,,,,,,,,,,,,,,
New Mexico,US,,,,,,,,,,3/16/2020,3/15/2020,10,3/24/2020,3/24/2020,,,,,,,,,,,,,,,,,,,,,,,,,,,,,,,,,,,,,,,,,,,,
New York,US,,,,,,,,,3/21/2020,3/16/2020,3/16/2020,,,,,,,,,,,,,,,,,,,,,,,,,,,,,,,,,,,,,,,,,,,,,,,
North Carolina,US,,,,,,,,,3/30/2020,3/16/2020,3/17/2020,50,3/23/2020,,,,,,,,,,,,,,,,,,,,,,,,,,,,,,,,,,,,,,,,,,,,,
North Dakota,US,,,,,,,,,,3/15/2020,3/20/2020,,,,,,,,,,,,,,,,,,,,,,,,,,,,,,,,,,,,,,,,,,,,,,,
Ohio,US,,,,,,,,,3/24/2020,3/15/2020,3/15/2020,,,,,,,,,,,,,,,,,,,,,,,,,,,,,,,,,,,,,,,,,,,,,,,
Oklahoma,US,,,,,,,,,,3/17/2020,,10,3/24/2020,3/25/2020,,,,,,,,,,,,,,,,,,,,,,,,,,,,,,,,,,,,,,,,,,,,
Oregon,US,,,,,,,,,3/24/2020,3/15/2020,3/16/2020,,,,,,,,,,,,,,,,,,,,,,,,,,,,,,,,,,,,,,,,,,,,,,,
Pennsylvania,US,,,,,,,,,3/27/2020,3/16/2020,,,,3/17/2020,,,,,,,,,,,,,,,,,,,,,,,,,,,,,,,,,,,,,,,,,,,,
Rhode Island,US,,,,,,,,,3/28/2020,3/17/2020,3/17/2020,10,3/23/2020,3/23/2020,,,,,,,,,,,,,,,,,,,,,,,,,,,,,,,,,,,,,,,,,,,,
South Carolina,US,,,,,,,,,,3/14/2020,3/18/2020,3,3/23/2020,,,,,,,,,,,,,,,,,,,,,,,,,,,,,,,,,,,,,,,,,,,,,
South Dakota,US,,,,,,,,,,3/13/2020,,10,3/24/2020,,,,,,,,,,,,,,,,,,,,,,,,,,,,,,,,,,,,,,,,,,,,,
Tennessee,US,,,,,,,,,,3/16/2020,3/23/2020,10,3/23/2020,,,,,,,,,,,,,,,,,,,,,,,,,,,,,,,,,,,,,,,,,,,,,
Texas,US,,,,,,,,,3/26/2020,3/20/2020,3/20/2020,10,3/20/2020,,,,,,,,,,,,,,,,,,,,,,,,,,,,,,,,,,,,,,,,,,,,,
Utah,US,,,,,,,,,,3/16/2020,3/18/2020,10,3/18/2020,,,,,,,,,,,,,,,,,,,,,,,,,,,,,,,,,,,,,,,,,,,,,
Vermont,US,,,,,,,,,3/25/2020,3/18/2020,3/16/2020,,,,,,,,,,,,,,,,,,,,,,,,,,,,,,,,,,,,,,,,,,,,,,,
Virginia,US,,,,,,,,,3/30/2020,3/13/2020,3/17/2020,10,3/24/2020,3/24/2020,,,,,,,,,,,,,,,,,,,,,,,,,,,,,,,,,,,,,,,,,,,,
Washington,US,,,,,,,,,3/23/2020,3/15/2020,3/15/2020,,,,,,,,,,,,,,,,,,,,,,,,,,,,,,,,,,,,,,,,,,,,,,,
Washington DC,US,,,,,,,,,,3/16/2020,3/15/2020,,,,,,,,,,,,,,,,,,,,,,,,,,,,,,,,,,,,,,,,,,,,,,,
West Virginia,US,,,,,,,,,3/24/2020,3/17/2020,3/17/2020,,,,,,,,,,,,,,,,,,,,,,,,,,,,,,,,,,,,,,,,,,,,,,,
Wisconsin,US,,,,,,,,,3/25/2020,3/18/2020,3/17/2020,10,3/20/2020,3/24/2020,,,,,,,,,,,,,,,,,,,,,,,,,,,,,,,,,,,,,,,,,,,,
Wyoming,US,,,,,,,,,,3/15/2020,3/19/2020,,,,,,,,,,,,,,,,,,,,,,,,,,,,,,,,,,,,,,,,,,,,,,,
